幼苗序号,height_t,height_m,area_t,area_m,r_mean,g_mean,b_mean,r_std,g_std,b_std,r_offset,g_offset,b_offset,g/b,g/r,g/rgb,r/rgb,b/rgb,ExR,NDI,EXG,ExGR,CIVE,VEG,com,h_mean,s_mean,v_mean,h_std,s_std,v_std,h_thirdMoment,s_thirdMoment,v_thirdMoment,L_mean,a_mean,b_mean,L_std,a_std,b_std,L_offset,a_offset,b_offset,contrast0,contrast90,contrast180,contrast270,dissimilarity0,dissimilarity90,dissimilarity180,dissimilarity270,homogeneity0,homogeneity90,homogeneity180,homogeneity270,energy0,energy90,energy180,energy270 ,correlation0,correlation90,correlation180,correlation270,asm0,asm90,asm180,asm270
第1株,4.3,4.532,6.7586,7.4521,15.50069708,21.20027359,16.26934632,43.23255808,56.23925425,43.92239434,61.42051164,76.5309936,60.76077109,1.303080848,1.367698078,0.400229313,0.292629872,0.307140815,0.009452507,0.155297705,0.20068794,0.191235433,18.71018801,1.344706612,6.444272892,11.38374536,21.73791898,21.25768911,27.12590034,57.37071167,56.21959871,37.37794795,83.85378992,76.50393195,20.89436514,125.2376735,130.4316898,55.48089199,7.309667267,7.48424112,75.38759341,9.91933194,11.63468438,0.509967192,0.585184211,0.471046069,0.773993421,0.092145669,0.107868421,0.091757448,0.130125,0.973095886,0.968467643,0.972622795,0.965286012,0.870342783,0.870452233,0.870306438,0.86935054,0.973832758,0.969949531,0.97589314,0.960245243,0.757496559,0.75768709,0.757433296,0.755770361
第2株,4.3,4.326,11.8572,8.6215,10.86210322,15.92191964,12.08994214,35.24117133,48.4401565,37.62507718,53.87136812,69.58605875,55.27416562,1.316955817,1.4658229,0.409577969,0.279418454,0.311003576,-0.018392133,0.188911742,0.228733907,0.24712604,18.69826718,1.413412234,6.472502597,8.98839924,18.88594278,15.97239019,24.50071097,54.54314548,48.42551229,35.69128857,81.25953942,69.56422171,15.68365453,125.7328418,130.2397152,47.79550419,6.931849912,7.512382308,68.59111204,9.970525028,11.66717331,0.551879076,0.4912305,0.361791218,0.790370316,0.090634793,0.083940808,0.066472812,0.118333576,0.975686082,0.976264494,0.980344237,0.971157457,0.89833655,0.898817598,0.898155492,0.897341873,0.960431179,0.964770051,0.974353921,0.943317245,0.807008557,0.807873075,0.806683288,0.805222437
第3株,3.5,3.865,11.454,9.4852,12.48957077,16.88803106,12.73590244,40.46578738,51.79687663,39.80511538,60.92255858,74.37659585,58.15064788,1.326017621,1.352170653,0.401012249,0.296569259,0.302418492,0.014184714,0.149721557,0.203036747,0.188852033,18.70947223,1.342379839,6.443641396,8.18328837,14.98327229,16.91821844,23.13632401,47.05395616,51.78803368,33.5920696,73.64593689,74.36347126,16.58000863,125.7534344,129.842739,50.89762839,6.907651916,6.568616349,73.01928588,9.941901806,10.68914957,0.365129987,0.482203764,0.368582319,0.576705381,0.066914471,0.079763305,0.061501246,0.093082917,0.979815576,0.977086581,0.982223049,0.975016408,0.900158162,0.89961639,0.899346408,0.898989894,0.977968316,0.970970285,0.977960004,0.965279576,0.810284716,0.809309649,0.808823962,0.80818283
第4株,4.7,4.536,8.8735,7.562,28.38996906,33.65917389,26.60943709,65.36422784,75.9307373,60.36906658,84.11889409,96.1742223,76.8374739,1.264933707,1.185600936,0.379649368,0.320216826,0.300133806,0.068654188,0.084919865,0.138948104,0.070293917,18.7363465,1.210258264,6.384745278,15.35978533,23.12179064,33.7099151,31.05863285,57.8969693,75.90939265,39.62279551,85.56644393,96.14724713,32.93241836,124.6594965,129.9119562,74.31732288,7.552390686,5.193280131,93.99092758,9.63558334,7.925465479,0.873581979,1.351688044,0.800867392,1.087505529,0.12986612,0.180495356,0.116054102,0.155277901,0.965314499,0.955591363,0.968110273,0.959987713,0.831057051,0.829612172,0.831948339,0.83033201,0.977093485,0.964546176,0.978983242,0.971471897,0.690655821,0.688256356,0.69213804,0.689451248
第5株,5.2,4.985,6.0045,8.6035,21.91924901,28.6345991,20.94019699,51.22304549,65.67380329,48.62509613,66.78365093,83.7415781,62.92667296,1.367446501,1.306367709,0.400517261,0.306588457,0.292894282,0.02870658,0.132835587,0.201551782,0.172845203,18.71062531,1.325188007,6.436778178,12.37835492,18.23592414,28.65836932,26.88471749,46.27046021,65.66404733,34.69608794,70.34106069,83.72912227,28.01158525,124.0856758,130.6380069,64.25418921,8.966644776,6.65199235,81.83986913,11.4073732,9.718380772,0.375851603,0.433018868,0.301648274,0.542601787,0.068800362,0.080245425,0.059783531,0.093460065,0.978246202,0.974655762,0.980161918,0.971697029,0.837839742,0.837420835,0.838273877,0.836894402,0.986034913,0.983933575,0.988789451,0.979862254,0.701975433,0.701273655,0.702703093,0.700392241
第6株,3.2,3.512,6.899,4.065,17.29502926,24.04839522,18.25045864,45.43740829,62.37862305,47.87798772,61.52475654,83.10270397,64.65571956,1.317687171,1.39048017,0.40353798,0.29021484,0.30624718,0.002762796,0.163348006,0.21061394,0.207851144,18.70609561,1.364614686,6.452827211,10.50622198,19.02728217,24.09595711,25.32320121,52.0251223,62.3616415,35.14461766,78.82176453,83.07935577,23.48210521,124.7669355,130.8348829,60.97181375,8.487533441,7.591712612,81.1949023,11.42328161,10.46282098,0.417518703,0.6928375,0.467506234,0.63700625,0.078216958,0.1137,0.083391521,0.10404375,0.976400478,0.969581992,0.975800101,0.970871329,0.869157176,0.867857413,0.868982664,0.86825663,0.98249042,0.970964507,0.980396528,0.973301038,0.755434197,0.75317649,0.755130871,0.753869576
第7株,3.5,3.648,3.0899,4.3251,5.508390626,7.388159436,6.025337209,28.20604828,37.36163091,30.66318622,48.73114444,63.80265894,52.55842166,1.226181901,1.341255539,0.390455737,0.291112115,0.318432148,0.017101224,0.145757493,0.17136721,0.154265986,18.72179222,1.301082925,6.424299817,4.043468676,8.335308138,7.41767818,17.56631386,39.33069319,37.35719273,30.2553325,69.33664184,63.79304655,7.240414158,127.1965735,128.8005056,36.6877565,4.136020489,4.263325026,62.61301942,7.194544562,7.611409615,0.283563943,0.349632964,0.223335635,0.360540166,0.04160651,0.049688366,0.033984807,0.04867036,0.989914312,0.98851172,0.991255474,0.988658201,0.961374547,0.961153067,0.96155232,0.961304909,0.967495216,0.959884367,0.974481103,0.958615126,0.92424102,0.923815219,0.924582864,0.924107127
第8株,2.3,2.651,3.9966,2.0365,20.41970283,28.52379497,21.27486298,48.42189655,66.70618863,50.12816775,62.8852325,85.30484907,64.7539123,1.340727552,1.396876106,0.40621562,0.290802898,0.302981482,0.000908438,0.165580567,0.21864686,0.217738423,18.70292608,1.376658909,6.458241152,12.08007836,20.91631645,28.56617509,26.50956692,52.64384086,66.689183,35.326474,78.08125025,85.28269934,27.81887204,124.0359338,131.3680979,65.08941179,9.424124073,8.33489461,83.16088754,12.2490852,11.44532981,0.508804804,0.789497207,0.382945682,0.501578212,0.097765363,0.135656425,0.081093315,0.099217877,0.970030589,0.961813237,0.97339802,0.968323668,0.844668895,0.843149952,0.84521663,0.844479035,0.981254309,0.97093309,0.985892116,0.981540354,0.713465542,0.710901842,0.714391152,0.713144841
第9株,4.5,4.561,5.4387,5.1623,21.56687889,29.25161259,21.97446328,52.37844546,70.50374529,53.3080745,68.31042184,91.04876536,69.37189739,1.331163916,1.356321085,0.401846754,0.296277009,0.301876237,0.012941058,0.151219241,0.205540262,0.192599204,18.70845779,1.346642518,6.445580702,11.59865002,19.00546817,29.29298263,26.18237278,50.28990827,70.48762423,35.23559749,76.65790189,91.02742035,28.37009432,124.1290976,131.107211,68.42754014,9.435220944,7.678172857,88.32269468,12.30610931,10.19536015,0.546742388,0.801316527,0.368282123,0.568235294,0.0922344,0.121386555,0.068282123,0.097128852,0.973492951,0.967653964,0.978550902,0.971500445,0.85229889,0.850937567,0.853240518,0.85184953,0.982302631,0.974116004,0.988076199,0.981644956,0.726413398,0.724094744,0.728019382,0.725647622
第10株,3.2,3.45,10.2233,10.254,12.39182957,16.7185933,12.80029094,40.09396121,53.5468438,41.3964173,58.55710587,77.29160588,60.41608316,1.306110414,1.349162625,0.398909772,0.295672119,0.305418109,0.015031194,0.148632803,0.196729317,0.181698122,18.71193655,1.333650485,6.439652533,7.616744429,13.45336927,16.75331161,22.41635326,45.39609938,53.53710468,33.28948806,73.62529061,77.27655789,16.33694661,125.8569705,129.7844636,52.38069936,6.958214036,5.98919069,75.57803547,10.17201051,9.076100496,0.350027895,0.48097035,0.378669355,0.565700809,0.055360252,0.072048518,0.057755376,0.079380054,0.984773105,0.981397037,0.984538467,0.980259729,0.909787056,0.909104918,0.909771948,0.908806411,0.980283967,0.972969404,0.978666923,0.968207542,0.827712486,0.826471753,0.827684996,0.825929093
第11株,2.7,2.751,6.5159,5.2369,14.07310103,18.6594325,14.60359911,43.60341325,55.09856267,43.82540126,64.84659629,78.25520305,63.09148087,1.277728343,1.325893452,0.39419005,0.297301453,0.308508496,0.022031985,0.140115383,0.18257015,0.160538166,18.71767258,1.308603102,6.428581162,9.339071241,17.26898969,18.7040709,24.79761336,51.68398009,55.08485845,35.4235734,79.45176923,78.23546828,18.36274853,125.7504819,129.9437892,54.219543,6.649233363,6.511333229,76.84783168,9.442971427,10.20113779,0.426608108,0.569098916,0.451202617,0.656321138,0.078972973,0.097310298,0.077705465,0.110304878,0.976985078,0.972817051,0.97783258,0.9704896,0.891705456,0.891685703,0.891639195,0.890814148,0.977667666,0.970117227,0.976388935,0.965537436,0.795138621,0.795103393,0.795020454,0.793549847
第12株,3,3.451,4.7126,4.2358,6.310430043,9.918680006,7.621001941,27.51734024,39.31788644,31.00719039,47.44546506,62.57514652,50.44926399,1.301492912,1.571791453,0.415875616,0.264587019,0.319537365,-0.045453788,0.222331967,0.247626847,0.293080635,18.68990464,1.475162731,6.495757094,5.619702852,13.36980738,9.954091384,19.88385114,48.1206325,39.31061763,31.98983832,76.26984287,62.562207,9.756794087,126.5569882,129.6320815,38.72678798,5.78114234,6.99290813,61.53525971,9.224894426,11.62519805,0.319375608,0.338010195,0.258755184,0.455051836,0.058763195,0.061692528,0.049559059,0.07620356,0.983724674,0.982775879,0.985685022,0.980685428,0.936541715,0.936866945,0.936553598,0.93591995,0.964902141,0.962787585,0.971784961,0.949870786,0.877110384,0.877719673,0.877132642,0.875946153
第13株,3.1,3.472,9.7014,9.568,2.643198073,4.889384928,3.833712264,15.76786398,27.62257806,22.06774575,29.44900888,49.39210647,39.96588217,1.275365649,1.849798915,0.430165222,0.232547018,0.33728776,-0.104599397,0.298196098,0.290495667,0.395095063,18.67102003,1.633703839,6.550085984,2.829895355,7.915598886,4.912873598,14.48383344,38.29129731,27.61999215,26.86345369,66.55369141,49.38509447,4.810953851,127.2461266,129.046217,27.23498917,4.369465187,6.03668755,48.66278246,7.941272311,10.86967123,0.126762796,0.097568546,0.14437877,0.269284341,0.024165786,0.024004179,0.027885348,0.041808602,0.993197999,0.992339314,0.992370401,0.990573811,0.968323633,0.968393118,0.967956965,0.967483671,0.970093137,0.977051608,0.966185291,0.936584816,0.937650659,0.937785231,0.936940687,0.936024654
第14株,3.9,4.153,8.5159,5.6741,6.374709346,8.230326136,6.634568926,30.9655902,39.44410667,31.75007223,52.71084215,66.38335514,53.31069078,1.240521611,1.291090415,0.387499031,0.300133149,0.31236782,0.032687377,0.12705322,0.162497094,0.129809718,18.72583361,1.273303081,6.412701137,4.56274347,9.126226785,8.263317228,18.59989486,41.031624,39.43873925,31.09086888,71.30768748,66.37234409,8.065763249,127.1205194,128.7699985,38.64183946,4.302577126,3.808815056,64.86976694,7.370956289,6.567877147,0.325126807,0.380770194,0.23232048,0.400355264,0.044242562,0.048082105,0.033625532,0.054215724,0.990079996,0.989153079,0.99144983,0.988367588,0.955983426,0.956328899,0.956963355,0.955733349,0.967278897,0.961416691,0.976413567,0.959429802,0.913904312,0.914564963,0.915778862,0.913426234
第15株,3,3.263,6.4226,5.0632,20.65897995,27.31006248,20.51858471,50.15790043,64.93366725,49.47652114,66.59643744,84.15422013,65.19196185,1.330991531,1.321946318,0.39875907,0.301645433,0.299595497,0.023544537,0.138653644,0.196277209,0.172732672,18.7124513,1.323751136,6.435829554,12.95584859,22.12563208,27.35996803,28.10086643,55.56615124,64.91394293,37.06774317,81.95588866,84.12868702,26.73791776,124.4106946,130.6942459,63.60636933,8.562177605,6.890930405,82.33446514,11.11269671,9.56866989,0.655540176,0.916442049,0.566759915,0.850860854,0.109404823,0.142294684,0.097080164,0.134814717,0.968176584,0.961239201,0.970825598,0.961971234,0.845164406,0.844320824,0.84610176,0.844430343,0.97514855,0.965252211,0.978465302,0.967739237,0.714302873,0.712877654,0.715888189,0.713062605
第16株,2.6,2.751,4.19,5.2146,13.55250231,16.94065521,13.34669491,45.109069,55.55681912,44.00974241,66.84581893,81.17697143,64.55720852,1.269277175,1.250002017,0.386421356,0.309136586,0.304442058,0.046369865,0.111111908,0.159264067,0.112894203,18.72762671,1.255411604,6.405246804,8.366508387,14.55319236,16.98617839,24.27920032,48.82912795,55.54443112,35.59714219,78.15156028,81.15764493,16.57032077,126.1597171,129.3287876,54.36694788,6.079887714,4.804712749,79.3211811,8.950504863,7.72480973,0.316219178,0.443619505,0.469177331,0.694429945,0.060739726,0.078523352,0.08062947,0.107396978,0.981836635,0.977160089,0.977565452,0.973162117,0.913030174,0.912808011,0.912283648,0.911618598,0.984019937,0.977496368,0.976289611,0.964775163,0.833624099,0.833218466,0.832261454,0.831048468
第17株,4,4.156,6.3145,5.362,20.36429274,26.02641338,20.42810868,54.12667973,67.44401267,53.33742525,74.28826416,90.34887514,71.92299589,1.274049095,1.278041605,0.389507259,0.304768841,0.3057239,0.037169119,0.122052909,0.168521776,0.131352657,18.72369137,1.275555717,6.414263689,11.20127904,18.65130553,26.07019602,26.39918914,52.30783398,67.42827578,36.00073775,80.17789422,90.32756917,25.4117233,125.0554151,130.2715886,65.84712777,7.626204615,6.342066273,88.05858281,10.22322889,9.124234639,0.579379957,0.894059542,0.572999514,0.692048948,0.097613175,0.130749444,0.089452674,0.111275151,0.971495376,0.964853475,0.974356851,0.968650752,0.8659706,0.865125541,0.866267864,0.865663383,0.980126612,0.969289388,0.980329562,0.976251538,0.749905081,0.748442201,0.750420011,0.749373093
第18株,2,2.126,6.8944,5.968,15.20941733,19.21943755,15.04704087,47.81753458,58.50368009,46.40753328,70.1235656,83.54897159,66.98290932,1.277290181,1.26365377,0.388460628,0.307410651,0.30412872,0.041914283,0.116472658,0.165381885,0.123467602,18.72509108,1.267147391,6.410550406,9.612065479,17.21356889,19.26664632,25.60382406,53.00617106,58.48954415,36.50361618,81.96440743,83.52818767,18.79212424,125.8357614,129.6004121,57.24804766,6.609889219,5.431102953,81.64031974,9.498844015,8.531368593,0.597061299,0.853474738,0.580228963,0.857204248,0.092186424,0.117564,0.083305274,0.117763521,0.975680208,0.971119681,0.978168462,0.971942235,0.898030087,0.897287218,0.898398844,0.897064377,0.972956534,0.961421732,0.973751217,0.961249865,0.806458037,0.805124351,0.807120483,0.804724497
第19株,2.3,2.356,9.5443,8.6547,12.60025254,15.1270988,12.05734292,45.94665656,54.56582963,43.61868129,70.09361689,82.50503186,66.04884697,1.254596381,1.200539334,0.380224081,0.316711056,0.303064863,0.063171398,0.091131902,0.140672242,0.077500843,18.73546282,1.21736699,6.387908444,7.284082039,12.13268539,15.16500344,23.04649301,45.46995502,54.55657964,34.71620816,75.53959829,82.48979699,14.74951404,126.5098722,128.9381648,53.22679221,5.424341881,3.725224395,80.3662279,8.289492545,6.128478472,0.428893749,0.5835565,0.46413991,0.700018469,0.061432792,0.079031613,0.063301922,0.08835842,0.984692903,0.98068765,0.984311948,0.980714427,0.926405356,0.926225816,0.926690578,0.925510972,0.978116864,0.970184306,0.976265081,0.964203967,0.858226883,0.857894263,0.858755428,0.856570559
第20株,2,2.268,8.1861,8.652,3.313219915,4.692325821,3.780696715,21.47198315,28.94613378,23.37400084,41.15806889,53.50762379,43.20944877,1.241127277,1.416243395,0.398118895,0.281109092,0.320772013,-0.004566166,0.172268819,0.194356685,0.198922851,18.71206691,1.35480422,6.446796397,2.749565474,6.488996907,4.709964649,14.37061376,35.21003144,28.94416091,26.30119907,64.41801427,53.50265049,4.614567683,127.4419576,128.6117543,28.46494005,3.455158072,4.036569869,52.48033747,6.428416639,7.836732772,0.176140014,0.233797873,0.115657864,0.251258849,0.028239117,0.036839845,0.021586612,0.037861734,0.992963722,0.991149616,0.993752299,0.990947513,0.972542908,0.972626524,0.973420507,0.972633475,0.966043456,0.95442097,0.977478794,0.951004254,0.945839707,0.946002355,0.947547484,0.946015877
第21株,3.4,3.514,9.3038,9.654,8.250119084,10.69238421,8.773963966,36.01561585,45.92201021,37.96601169,58.9653212,74.01735003,61.53303522,1.218649204,1.296027863,0.385777311,0.297661279,0.31656141,0.030948479,0.128930432,0.157331933,0.126383454,18.72775437,1.268902974,6.410461977,5.464863123,10.80143742,10.72965059,20.23456877,44.29766435,45.91474679,32.78521701,74.61090163,74.00390531,10.44767295,126.9160806,129.0161534,44.93900899,4.741563252,4.772296074,72.37354514,7.782026951,8.30365081,0.370695225,0.294647887,0.466741597,0.806316901,0.05301264,0.051619718,0.064535843,0.093626761,0.986433785,0.985317583,0.984397771,0.98116715,0.947265594,0.947502054,0.946657781,0.945850691,0.972402275,0.978059368,0.965381436,0.939870424,0.897312105,0.897760143,0.896160955,0.89463353
第22株,3.3,3.321,9.1764,5.2163,4.476496058,5.566026755,4.663076541,27.42621363,33.01043297,27.62661061,51.31874684,60.2419926,50.21165976,1.1936383,1.243389178,0.378497103,0.30440759,0.317095307,0.047673523,0.108491732,0.135491309,0.087817787,18.73683929,1.226029576,6.391176135,3.516822894,7.166110559,5.593270842,16.89589736,37.31808973,33.00737352,29.79545929,67.49535869,60.23413912,5.476821963,127.4987507,128.4572289,32.47321448,2.959204116,3.104812653,59.06709305,5.417555435,6.172707691,0.182366398,0.252061956,0.261357093,0.36260778,0.028626786,0.035667746,0.037296708,0.04984589,0.993039607,0.991437676,0.991421345,0.989826075,0.97051043,0.97078,0.970596725,0.969842613,0.974367349,0.964320957,0.96297967,0.948411719,0.941890495,0.942413809,0.942058002,0.940594693
第23株,2,2.014,8.7362,8.5623,11.86874433,16.82625739,13.0317361,40.29208143,55.76025631,43.70909967,60.54464509,82.06709446,64.88279256,1.291175425,1.417694823,0.403248811,0.284439785,0.312311405,-0.005033112,0.172765735,0.209746432,0.214779544,18.70611805,1.37318574,6.455720449,7.724562611,15.63447936,16.87114644,22.84651383,50.30356626,55.74815187,34.42133701,78.52341786,82.04826863,16.32118713,125.8252402,130.0976808,54.11667163,7.264772674,7.24986121,79.53885424,10.76159331,11.06012235,0.420869688,0.656385239,0.537745694,0.728129672,0.073324022,0.101565819,0.088940327,0.113856322,0.978768945,0.97315739,0.975695822,0.97067577,0.913117689,0.912239702,0.912483473,0.911868947,0.978026601,0.965796929,0.971958312,0.962062634,0.833783915,0.832181274,0.832626088,0.831504977
第24株,3.2,3.41,5.5568,5.3692,2.648162388,3.772252213,3.120558973,19.07005926,26.06638029,22.08882963,37.95034115,50.10664514,43.10862028,1.208838623,1.42447919,0.395373929,0.277556831,0.32706924,-0.006794366,0.175080566,0.186121788,0.192916155,18.71515096,1.348245589,6.443125191,2.672423263,6.522056054,3.796662168,14.69447468,36.27586686,26.06450251,27.48466906,66.23050723,50.10025404,3.716205825,127.5735908,128.5057435,25.77568249,3.074207988,3.778299362,49.52009017,6.114297981,7.652205875,0.263612186,0.147780802,0.16782595,0.431956445,0.032645643,0.022779816,0.022369974,0.048605358,0.99351061,0.994251818,0.994929087,0.991629415,0.978238422,0.978674233,0.978397415,0.977560197,0.93675542,0.964641026,0.960064476,0.896474601,0.956950409,0.957803254,0.957261503,0.955623939
第25株,2.1,2.153,6.153,4.0561,4.533571946,6.867456506,5.315067355,23.37982757,34.62428046,27.22787294,40.97737858,59.28789978,47.23081555,1.292073279,1.51480038,0.410828975,0.271209976,0.317961049,-0.031135008,0.204708248,0.232486925,0.263621933,18.6963113,1.435945715,6.480466962,3.901315392,9.350844207,6.896195783,16.9526203,41.38492973,34.62008986,29.38515464,70.73304134,59.27860444,6.707268636,127.0460161,129.0279917,33.89864746,4.961492087,5.408886222,58.0087591,8.710545708,9.50894095,0.283670008,0.27831897,0.21210056,0.437994002,0.047124383,0.048502335,0.040330153,0.066755248,0.987786506,0.987087165,0.988341286,0.98422029,0.960345764,0.960306713,0.960659316,0.959586606,0.960458251,0.961308931,0.970438009,0.939111387,0.922263986,0.922188982,0.922866321,0.920806454
第26株,3,3.035,6.8148,8.6592,12.04557933,15.4828964,12.17897832,40.76381404,51.37579198,40.85387461,61.35663129,75.95337944,60.8913654,1.271280397,1.285359216,0.389924178,0.303358138,0.306717683,0.034777215,0.124864054,0.169772535,0.134995321,18.72311374,1.279693719,6.415981373,8.349860643,15.28016094,15.52526946,24.03102224,50.62184904,51.36441071,35.44754712,80.26870572,75.93576448,15.21186529,126.2187039,129.4074408,50.49199547,5.890405965,4.908209608,74.48193873,8.688351943,7.652163361,0.413683473,0.71127809,0.53114405,0.64636236,0.07162465,0.102710674,0.079296142,0.098132022,0.979465424,0.974081121,0.979568424,0.975485886,0.912752234,0.911576647,0.912237478,0.911353216,0.975300156,0.95763806,0.968357904,0.961504531,0.83311664,0.830971983,0.832177217,0.830564684
第27株,2.6,2.635,10.5078,8.521,10.79775446,14.74006067,11.28306792,37.53268431,50.25900855,39.0162925,57.05936887,74.79282917,58.81612593,1.306387657,1.365104265,0.400317957,0.293250829,0.306431215,0.010233203,0.154371319,0.20095387,0.190720667,18.71011677,1.344286616,6.444112365,7.543053686,14.30631258,14.78399647,22.84830298,48.18348656,50.24774588,34.45935677,76.88164733,74.77477662,14.4047619,126.0851092,129.6485213,49.1598211,6.583514002,5.843539728,73.05541379,9.847873396,9.024543115,0.383435369,0.433035575,0.355624185,0.607441875,0.069647804,0.07854275,0.065786206,0.097559837,0.980045541,0.977656106,0.980952615,0.975037777,0.917500935,0.917120403,0.917647653,0.916273563,0.975534601,0.97244068,0.977309922,0.961341086,0.841807965,0.841109834,0.842077215,0.839557243
第28株,2.8,2.945,7.8256,7.5684,5.735063942,9.644444965,7.551571046,25.6695561,41.58804887,33.03203276,43.22410926,67.20426754,54.09113959,1.277144174,1.681663023,0.420583984,0.250100037,0.329315979,-0.070443932,0.254194139,0.261751952,0.332195884,18.68346216,1.533495057,6.515967432,4.705578053,12.08097501,9.679197584,18.26510744,46.16262596,41.58149836,30.69843594,74.52121604,67.19181404,9.383519424,126.6223013,129.7490227,40.53332281,6.123847463,7.913998748,65.4743726,10.12045834,13.23572125,0.37181353,0.369593874,0.213467497,0.511298726,0.054958296,0.058753374,0.04057776,0.072547235,0.986505177,0.984764034,0.987978699,0.983135548,0.946874879,0.946705014,0.947476243,0.946119091,0.963092187,0.96340986,0.978810611,0.949380947,0.896572037,0.896250383,0.897711232,0.895141334
第29株,3,3.521,10.8584,9.5612,17.66426459,22.39201602,17.14256764,51.69645074,65.08556559,50.19815571,72.27788063,90.37361416,70.2327856,1.306222994,1.267644963,0.391476694,0.308822033,0.299701273,0.040874152,0.118027719,0.174430082,0.133555931,18.72156291,1.279272219,6.416174876,9.462317888,14.93604369,22.4304258,25.12513446,47.53933149,65.07334646,35.64313356,76.16331573,90.3558548,21.68451403,125.3753658,129.8011048,63.09780447,7.69520556,5.448710888,87.58546592,10.76732049,7.963519082,0.493875982,0.61922859,0.421999561,0.757364744,0.077223046,0.090273188,0.069196849,0.107142857,0.978156655,0.975446857,0.979687787,0.971935793,0.892801176,0.892355902,0.893207814,0.891724135,0.981799251,0.977213054,0.98443276,0.972129599,0.79709394,0.796299055,0.797820198,0.795171932
第30株,3.2,3.206,8.406,8.2356,8.383233939,11.85672118,9.12608807,33.75554646,47.26438122,36.66294613,53.47983621,74.02698346,57.7942299,1.299211786,1.414337387,0.403756172,0.285473732,0.310770096,-0.004092947,0.171615363,0.211268516,0.215361463,18.70556915,1.373998327,6.456199528,5.570698172,11.82322069,11.88868558,19.70854569,45.15192827,47.25750724,31.62728914,74.47467087,74.01486606,11.49507545,126.4524186,129.4531791,45.8999482,6.314823368,6.112317473,71.84697305,10.09688208,9.983418951,0.370397215,0.557981768,0.363613024,0.54607953,0.058317667,0.077712832,0.058052434,0.076925407,0.985011217,0.981689157,0.984723179,0.981811612,0.939168282,0.938672991,0.939539496,0.938626424,0.973019726,0.959340945,0.973439585,0.960208383,0.882037061,0.881106984,0.882734465,0.881019564
第31株,3.3,3.458,6.8242,6.395,11.69774428,15.1643264,11.81900363,40.00081902,51.07865628,40.24213633,60.1679901,75.6902248,60.20288674,1.283046091,1.296346205,0.392034779,0.302415186,0.305550036,0.031346482,0.129051188,0.176104336,0.144757854,18.72053666,1.290945194,6.421024481,7.633692757,13.58260599,15.20324898,22.82163639,47.03321085,51.06847757,34.04910215,76.36251572,75.67411232,14.87417819,126.2020234,129.4113509,50.12451506,6.086372654,4.908890443,74.14358651,9.049793494,7.537283118,0.391633523,0.76542735,0.558774005,0.673660969,0.066434659,0.104444444,0.078734787,0.097621083,0.980982482,0.974582125,0.980274162,0.975924855,0.915750136,0.914404514,0.91531456,0.914430124,0.976319038,0.953836881,0.96622327,0.959371335,0.838598312,0.836135615,0.837800744,0.836182451
第32株,3.8,3.905,3.4736,5.2341,14.86733268,19.85843326,15.04175038,45.91796651,60.80156037,46.36038197,65.65718987,86.15828049,66.11419279,1.320220903,1.335709215,0.399023997,0.298735677,0.302240326,0.019205951,0.143729028,0.19707199,0.177866038,18.7119715,1.329449919,6.438097753,8.241924598,14.51360026,19.89317554,23.15494352,46.95994174,60.79127685,33.76147976,75.18761958,86.14276018,19.2160739,125.4751852,129.99278,58.90250197,7.840723147,6.325303109,83.42303435,11.24415391,9.299632199,0.407957693,0.519520799,0.46190836,0.730189171,0.073753463,0.089281909,0.078945712,0.108143729,0.978225539,0.97460107,0.977391341,0.972026275,0.902148221,0.901867327,0.90230199,0.901073585,0.982394342,0.977577486,0.980015388,0.968482249,0.813871413,0.813364676,0.814148881,0.811933606
第33株,4,4.125,4.5968,5.0126,16.6974234,22.46952551,17.48725152,48.9490916,64.63074809,50.70006611,69.40107206,89.8974475,71.04334011,1.284908923,1.345688193,0.396608289,0.29472525,0.308666461,0.016007061,0.147371758,0.189824868,0.173817807,18.7146361,1.323998878,6.435260462,9.177030577,16.2093568,22.51274057,24.20325394,49.13360618,64.61692465,34.73717844,76.93477338,89.87758607,21.7876282,125.2782746,130.3707742,62.68118001,7.858938256,7.015518909,87.07081845,10.95619566,10.04930002,0.488620493,0.724219707,0.474410558,0.663324261,0.082275267,0.104521797,0.077407169,0.101593213,0.976654141,0.972459777,0.977989453,0.97326615,0.88875032,0.887865178,0.888914714,0.887842193,0.981452088,0.972577587,0.981992374,0.974883379,0.789877131,0.788304574,0.790169369,0.78826376
第34株,2.9,2.981,3.5486,3.5206,12.53719369,16.71217941,12.73288313,41.52539364,54.90823962,42.15628134,61.09598835,80.04182749,61.89927084,1.312521229,1.333007994,0.39807721,0.298630774,0.303292016,0.020005875,0.142737614,0.194231629,0.174225754,18.71309798,1.325138826,6.436135784,7.726709307,13.90672613,16.7527933,23.0617108,46.91228436,54.8972908,34.51629675,75.56683913,80.02452475,16.25556279,125.8867922,129.6865319,53.45518575,7.033427821,5.77444416,77.86025829,10.35411791,8.764613106,0.383848994,0.39829379,0.348429865,0.62864006,0.067131398,0.07239021,0.06437314,0.095964312,0.980614986,0.978496702,0.980652253,0.975266233,0.913420455,0.913355652,0.91369109,0.912348948,0.979664765,0.97892177,0.981513952,0.966730464,0.834336928,0.834218546,0.834831408,0.832380602
第35株,2.6,2.587,5.3621,4.2536,12.90661657,17.569671,13.0773384,41.61608398,56.20898937,42.18224645,60.50771785,81.02525767,61.35378113,1.343520406,1.361291777,0.403403175,0.296338509,0.300258316,0.011470737,0.153005986,0.210209525,0.198738788,18.70659976,1.354303029,6.448919349,7.039589443,11.68074902,17.59316196,21.13209679,40.55281259,56.20232472,31.30982264,67.41985323,81.0150374,17.03417491,125.6208532,129.881308,54.53116431,7.657824151,6.158085929,78.57102306,11.08943052,9.087896557,0.307920853,0.349574953,0.212710229,0.455087889,0.057430777,0.063399912,0.044833502,0.076162831,0.982999483,0.981344714,0.985546616,0.978803433,0.909384082,0.909342755,0.910108502,0.908858852,0.984266207,0.982148572,0.989112731,0.976759314,0.826979408,0.826904247,0.828297486,0.826024413
第36株,2.7,2.596,4.5632,5.1236,12.51382414,16.75584137,12.89872466,38.47270339,50.91297501,39.66206624,55.43644813,72.4236784,57.10581715,1.299030859,1.338986484,0.397355491,0.296758403,0.305886106,0.018106274,0.144928791,0.192066473,0.173960199,18.7138563,1.324530123,6.435681205,8.568226174,15.14678657,16.79317332,23.57540527,48.19863857,50.90200725,34.18493912,76.53989233,72.40718852,16.5189743,125.8618061,129.7773704,50.24419247,6.564544969,5.620700648,71.3823786,9.416430911,8.33362896,0.426413043,0.723133515,0.465742999,0.65133515,0.078899457,0.112724796,0.080017939,0.108092643,0.976286908,0.970811012,0.977847568,0.970986033,0.899286612,0.897742686,0.898903338,0.897791336,0.973437628,0.955063485,0.970993473,0.959525135,0.80871641,0.805941931,0.808027211,0.806029283
第37株,4.1,4.251,8.5697,7.956,28.322161,36.73696103,27.56596055,60.60843599,77.96351137,58.94607337,75.3365786,95.96704194,73.22756353,1.332692941,1.297110098,0.396620008,0.305772046,0.297607946,0.031460856,0.129340817,0.189860025,0.158399169,18.7152407,1.307550776,6.428869583,15.03916947,22.8802246,36.78479312,29.62920266,54.39308128,77.94201326,37.80482404,80.49949507,95.94046763,35.63276183,123.3551751,131.2671226,75.66557256,9.971264673,7.217073967,93.05914517,12.40210647,9.39013505,0.68034897,0.889815605,0.505080765,0.870523146,0.115628387,0.139326877,0.096165716,0.140881747,0.966084391,0.960657366,0.970182473,0.960459643,0.816937482,0.816262583,0.817823453,0.816102391,0.982261943,0.976797862,0.986817464,0.97730368,0.667386849,0.666284604,0.668835201,0.666023112
第38株,3.6,3.751,5.9642,6.3512,14.13309919,19.61114812,14.71261505,43.86425026,60.16336178,45.34249715,63.09973696,85.4729654,64.74212284,1.332947817,1.387604223,0.404713536,0.291663523,0.303622941,0.003615396,0.162340232,0.214140608,0.210525212,18.70477077,1.368055243,6.454504402,8.207392213,15.11956522,19.65128073,23.20267257,47.44875994,60.1515375,34.01269589,74.72650053,85.45513215,18.9528052,125.3665072,130.2387293,58.15639365,8.194955074,7.162407178,82.53118092,11.76801698,10.56630311,0.300552587,0.506279208,0.377266552,0.500997062,0.061983847,0.088411246,0.071360804,0.086752013,0.980693956,0.975051869,0.979012942,0.975681624,0.902326162,0.901187339,0.9016002,0.901182313,0.986518365,0.977341626,0.983115014,0.977578087,0.814192503,0.81213862,0.81288292,0.812129562
第39株,2.6,2.695,2.1596,3.0152,16.31786647,21.65934692,16.48457615,47.75683092,62.93124967,48.27712135,66.94842063,87.44159087,67.68477168,1.313915913,1.327339389,0.397698039,0.299620461,0.3026815,0.021770606,0.140649615,0.193094118,0.171323512,18.71360689,1.321742518,6.43473543,8.644332949,13.752391,21.69437697,23.51529412,44.15907968,62.92028583,33.8528438,71.68748152,87.42547658,20.9982466,125.2793296,130.1335317,61.0534825,7.982392855,6.419661558,84.79264984,11.17905819,9.257292067,0.448986116,0.527297568,0.316822188,0.638655462,0.077517964,0.086689717,0.061208957,0.099100131,0.977234989,0.974813438,0.980827149,0.973025969,0.892399477,0.891957827,0.892880745,0.891435078,0.981947837,0.978850042,0.987260831,0.974383466,0.796376827,0.795588766,0.797236024,0.794656499
第40株,4.7,4.851,8.0459,8.6201,9.315560718,13.07864364,9.979363897,35.95725333,49.93543337,38.36371549,56.07614524,76.90398032,59.49066965,1.310568868,1.403956674,0.403991415,0.287752053,0.308256533,-0.001138541,0.168038251,0.211974244,0.213112785,18.70541538,1.371195313,6.455317782,5.527977443,10.67058205,13.10749766,19.51661435,41.29681462,49.92883801,31.25879218,69.53660896,76.89272123,12.65820039,126.2763996,129.5623466,48.37374672,6.658505622,6.137980392,74.46546364,10.33869996,9.642281354,0.216907887,0.421807178,0.285678709,0.368706714,0.045367983,0.068259436,0.052166652,0.062942045,0.985680722,0.981471558,0.984615042,0.981967669,0.934599288,0.933730095,0.934385597,0.934017311,0.985859386,0.972571278,0.981376601,0.976024225,0.87347583,0.87185189,0.873076443,0.872388337
第41株,3.5,3.452,11.56,12.063,14.58483817,20.16468881,15.33619704,42.53956717,57.95847734,44.44433677,60.06496996,80.38792292,62.248907,1.314842836,1.382578852,0.40260352,0.291197511,0.306198969,0.005072995,0.160573427,0.207810561,0.202737566,18.70726825,1.358530661,6.450235165,9.427363227,17.63707354,20.21719161,24.85593667,51.6514884,57.94188232,35.75786465,79.28190376,80.36372765,19.68333857,125.3248915,130.335368,56.6308815,7.816342089,6.937262142,78.48620436,10.97847549,9.910969704,0.460717158,0.806364247,0.499772075,0.611915323,0.081400804,0.123151882,0.087268388,0.098944892,0.975980779,0.967750943,0.974944763,0.972821041,0.890179181,0.888554603,0.889501531,0.889177823,0.977646354,0.960960268,0.975835872,0.970376991,0.792418974,0.789529283,0.791212974,0.7906372
第42株,3.6,3.295,4.0569,5.2061,17.01667827,22.15855465,16.89987114,47.97522264,62.09516481,47.60808136,66.28679545,85.2334611,65.71427978,1.311167078,1.302166868,0.395158511,0.303462268,0.30137922,0.029688664,0.131253243,0.185475534,0.15578687,18.71685931,1.304050502,6.427081954,8.874772266,13.38049709,22.18616415,23.40484456,41.98811985,62.08624188,32.87711257,68.43250374,85.2205539,21.59796632,125.2694666,130.038089,60.52295652,7.746235573,5.957372253,82.957135,10.74708345,8.625959316,0.36374236,0.687293361,0.38076249,0.472328955,0.074302095,0.113096834,0.073093032,0.087734191,0.976384948,0.968675849,0.977719414,0.973705913,0.885501776,0.884279282,0.885263155,0.884898723,0.98498706,0.971656672,0.984305344,0.980509327,0.784113395,0.781949849,0.783690854,0.783045751
第43株,1.9,2.341,6.0157,6.3205,15.76474718,20.45059631,15.4099711,46.74714546,60.30654129,45.79485095,65.76836571,84.39764827,64.62595433,1.327101536,1.29723592,0.396135045,0.305368545,0.298496411,0.031380917,0.129388505,0.188405135,0.157024217,18.71579812,1.306033726,6.428088003,8.920668822,14.39510257,20.48355202,24.28879958,45.75677307,60.2962878,34.78395429,73.45863999,84.38262915,19.88222423,125.4305003,129.8288812,58.65372924,7.624744021,5.709288328,82.0050389,10.72250891,8.575886407,0.348645289,0.499789752,0.37767694,0.585390761,0.063040125,0.084174326,0.065040285,0.088574518,0.981080466,0.976334321,0.98092398,0.976271057,0.895115808,0.89423923,0.895007933,0.893997242,0.984787194,0.978243941,0.983518895,0.974517693,0.801232309,0.799663801,0.801039201,0.799231069
第44株,3,3.254,6.3249,6.3296,23.30166849,31.50584121,24.08965507,56.47843997,75.86175169,58.25528717,73.3704143,97.72017863,75.39929242,1.307857714,1.352085205,0.399327926,0.29534228,0.305329794,0.014151265,0.149690668,0.197983779,0.183832514,18.71141797,1.335918011,6.440713709,11.43017509,18.63377866,31.54718648,26.04575655,49.7993916,75.84553511,35.45481879,76.34918649,97.6987101,30.39677535,124.0452843,131.2940749,73.25320571,9.633312964,8.17950404,94.34214268,12.53483703,10.85695723,0.415677263,0.531640613,0.449825794,0.797340442,0.077905693,0.094470046,0.081936685,0.119921087,0.975781665,0.971748131,0.975231248,0.967459392,0.853680367,0.852701201,0.853453675,0.85179235,0.988451386,0.985262418,0.987501483,0.977896967,0.728770169,0.727099337,0.728383175,0.725550208
第45株,2.2,2.354,2.036,3.562,24.68350918,32.01707314,23.83879616,56.00499662,72.21324747,54.20561646,71.07635408,91.00280787,69.03221408,1.343065855,1.297103783,0.397533154,0.306477523,0.295989324,0.031535378,0.129338424,0.192599462,0.161064084,18.71418809,1.310983907,6.430432226,13.14217764,19.467396,32.05363372,27.8201005,49.28789305,72.1978902,35.94325226,75.01004441,90.98323037,31.14620629,123.8618438,130.8459166,70.2749609,9.379459905,6.684182553,88.48917933,11.87332445,8.915522322,0.493167513,0.697388633,0.383324662,0.62875692,0.089880982,0.116381184,0.075413343,0.110106368,0.972551935,0.966782045,0.97634872,0.967281918,0.834642141,0.83333108,0.835173599,0.833618572,0.984944661,0.978756151,0.988297858,0.98084681,0.696627504,0.694440689,0.69751494,0.694919924
第46株,3.2,3.261,4.896,4.5698,14.91476161,19.85001109,15.20484503,41.87922554,55.11830775,42.66023583,58.06334492,75.53751241,59.11419992,1.30550565,1.330896973,0.397241604,0.2984766,0.304281796,0.020625636,0.141961218,0.191724811,0.171099175,18.71408873,1.321308019,6.434425823,9.876333425,16.81446653,19.88891652,25.13153315,49.87833467,55.10545986,35.39178673,77.67133443,75.51923637,19.55345464,125.4622877,130.0445987,54.3538131,7.158144046,6.024208292,74.42121824,9.961144796,8.881396134,0.37190027,0.706412162,0.459082025,0.564527027,0.075862534,0.115087838,0.081256319,0.09627027,0.976078399,0.969322836,0.976723697,0.972727303,0.884324375,0.88281876,0.883009315,0.883419704,0.980078728,0.962165782,0.975573762,0.969770247,0.782029601,0.779368963,0.77970545,0.780430373
第47株,2.1,2.235,5.3629,3.6529,5.481966017,7.717390657,6.193831812,26.35475554,36.37642737,29.39971552,44.89343951,60.74313639,49.40179166,1.245980015,1.407777909,0.397943364,0.282674818,0.319381819,-0.002198619,0.169358606,0.193830091,0.19602871,18.71236453,1.350951868,6.445429804,3.79558011,7.884439547,7.739177376,16.19150507,36.67515917,36.37286743,27.70157269,65.10009556,60.73577028,7.60640199,127.0694107,128.9806853,35.88321068,4.463927647,4.900286338,59.84279334,7.579712719,8.619898923,0.22263703,0.334199296,0.217806481,0.319173467,0.03881103,0.054645504,0.036456622,0.049681815,0.988941164,0.985847846,0.989981512,0.986852086,0.956013022,0.955251631,0.955437792,0.9555993,0.97234402,0.958478404,0.973155997,0.960385729,0.913960898,0.912505679,0.912861375,0.913170023
第48株,3.9,4.056,1.2506,3.5482,7.080457095,10.75699194,7.928702821,28.13155216,41.8066002,31.53465534,45.07356365,65.27067167,50.52804841,1.356715239,1.51925106,0.417485389,0.274796839,0.307717771,-0.032769814,0.206113264,0.252456168,0.285225983,18.6885511,1.462163324,6.492625579,5.420244915,11.74630788,10.78668659,19.17187419,43.72089626,41.80020083,30.73887966,71.4607804,65.25940951,10.49914032,126.3483246,129.5994564,40.86570047,6.504237782,6.465606422,63.77510658,10.24064032,10.41538206,0.250749145,0.406311339,0.299013777,0.434349992,0.054510684,0.072127435,0.057035308,0.076445719,0.982878487,0.979966752,0.983333088,0.978960138,0.935650843,0.93505615,0.935603751,0.934798772,0.975733341,0.960777646,0.971060008,0.958070997,0.875442499,0.874330003,0.87535438,0.873848744
第49株,2.2,2.156,5.293,6.5126,18.54974476,25.69076481,19.52188709,49.4894803,67.87141111,51.90357525,67.05805654,90.92809237,70.06683429,1.315998022,1.384965946,0.402914039,0.290919817,0.306166144,0.004373704,0.161413603,0.208742118,0.204368414,18.70688132,1.360394018,6.451057882,9.87903748,17.18971826,25.72917074,24.47219418,48.72938223,67.85786076,34.37066389,75.35863032,90.90934555,24.8557048,124.6313527,130.933774,65.70613431,9.010293471,7.90260621,87.97640557,12.20769012,10.79671699,0.524768398,0.7118177,0.373244753,0.628737982,0.092746533,0.11334696,0.0698626,0.103838292,0.973034433,0.968453231,0.978142961,0.970263984,0.872829429,0.871886251,0.873479705,0.872177103,0.981598458,0.9750971,0.986910688,0.978003639,0.761831212,0.760185634,0.762966795,0.760692899
第50株,3,3.261,8.5612,7.659,8.441070342,12.71390169,9.611113526,32.07712653,47.65494777,36.32459116,49.91242667,72.96782214,56.12193325,1.322833369,1.506195444,0.413244046,0.274362831,0.312393122,-0.029136083,0.201977641,0.239732139,0.268868222,18.69359944,1.441495287,6.483659412,5.019150509,10.34391212,12.73474046,17.77528182,39.24764389,47.65019379,28.61822691,65.57285871,72.95963555,12.34180361,126.1759557,129.8379489,46.29517834,6.941241443,7.050613188,70.84713984,10.77149824,11.00586957,0.263119274,0.375872368,0.255129323,0.406454433,0.050028698,0.062970787,0.048067422,0.065739054,0.985229205,0.982610251,0.985805258,0.982456764,0.932112793,0.931489133,0.932142227,0.931542492,0.980614546,0.972376785,0.981203337,0.97012928,0.868834259,0.867672005,0.868889131,0.867771414
,,,,,,,,,,,,,,,,,,,,,,,,,,,,,,,,,,,,,,,,,,,,,,,,,,,,,,,,,,,,,,,,,,,
